"","finalStackSizeAnte","lowestStackSizeAnte","finalStackSizePair","lowestStackSizePair","finalStackSizeSix","lowestStackSizeSix"
"1",12298,11768,6468,6057,9138,8992
"2",12753,12465,12908,12478,14458,12512
"3",11648,11207,7033,6866,12903,12880
"4",14523,13386,11418,10413,10498,9934
"5",11448,11331,12623,12118,14318,13443
"6",14183,13473,13978,12501,15878,13706
"7",13438,12871,11828,11318,12403,11781
"8",12583,12358,10218,10110,14798,12145
"9",12808,12424,11708,11391,13923,13553
"10",12298,12228,7013,5978,15483,14288
"11",13473,13006,14513,13901,13248,12183
"12",12558,12202,6543,6187,11688,11449
"13",13073,13011,11318,10647,13868,13395
"14",12658,12557,8823,8413,15498,14555
"15",12223,11948,10238,10038,12378,10899
"16",14053,13733,4618,4554,15408,10539
"17",13043,13019,8148,7576,14203,12695
"18",14803,14617,14493,13540,13508,12714
"19",12903,12839,8428,8228,9518,7801
"20",12223,12215,7858,7615,7373,7079
"21",12863,12800,10243,9392,10153,10081
"22",12558,12086,13183,12424,15793,13445
"23",13253,12752,7478,7352,11128,9248
"24",12908,12661,9428,9327,15008,12627
"25",13923,13895,9733,9393,9898,9898
"26",10763,10734,11223,11166,16938,13679
"27",13353,12499,12243,11872,8893,8382
"28",13563,13183,10413,10359,15073,13332
"29",13168,13113,9718,9504,12833,12305
"30",15043,14385,9053,8698,12723,12701
"31",12148,12140,12878,12411,14378,13598
"32",12488,11871,5438,5148,18848,14838
"33",12448,12113,13788,12894,9893,9616
"34",12908,12623,7593,7097,10398,9276
"35",11983,11792,12563,12482,15823,12455
"36",13938,12657,10363,10326,16258,14106
"37",10128,10043,13743,13357,17738,14752
"38",13903,13259,11643,11440,9463,9350
"39",10463,10243,9528,9353,12688,11469
"40",13283,12865,9618,8848,11308,10637
"41",14573,13837,12248,12199,11103,9847
"42",12508,12159,9663,9610,13468,12786
"43",10873,10669,10263,9787,16803,13821
"44",12533,12478,9973,9752,17473,14769
"45",10778,10677,7658,7422,10938,10745
"46",12338,12168,14213,13820,9788,8677
"47",12988,12284,9133,8795,11468,8235
"48",12398,12268,3698,3692,12868,12431
"49",12673,12398,6203,5959,6458,6297
"50",12238,12099,8853,8635,7468,7195
"51",11773,11643,11498,10878,9963,9791
"52",14118,13277,10518,10459,19803,14850
"53",12548,12143,10413,10008,10203,8972
"54",11658,11640,12273,12177,10923,10923
"55",13728,13531,9078,8740,10758,10319
"56",11378,11077,8953,8568,13663,11601
"57",13488,13356,11318,11023,15828,14124
"58",12028,11912,9828,9650,11453,10832
"59",13168,13009,9413,9073,10103,9368
"60",14713,14675,9573,9163,13508,12431
"61",9813,9788,7393,6690,13818,12918
"62",13218,12935,6423,6400,9153,8882
"63",12598,12432,10333,9745,12808,11604
"64",11203,10743,9858,9631,11233,10831
"65",12963,12703,8978,8755,17123,14146
"66",11713,11666,13153,12800,11433,10647
"67",11493,11314,6743,6448,4803,3632
"68",11213,11176,10193,10171,14008,12751
"69",11138,10880,11573,10895,18173,14296
"70",11668,11419,14798,14120,12938,12351
"71",11943,11921,10643,10630,17873,12406
"72",11558,11481,11103,10961,8818,8281
"73",13608,12331,11728,11612,12508,11616
"74",11703,11606,5428,5428,10663,10640
"75",12818,12418,11108,11086,9938,9619
"76",11588,10944,8178,8033,13518,10610
"77",11513,11245,6703,6595,12478,11368
"78",10338,10275,9853,9716,12218,11410
"79",11023,10959,9803,9725,16723,14938
"80",11908,11870,12338,12175,11168,10922
"81",10888,10888,9428,8900,17613,14724
"82",12273,12007,6353,6097,11513,11388
"83",13368,13175,9538,9247,10843,10820
"84",13088,13011,11623,11056,7628,7429
"85",12698,12348,5588,5566,12523,12286
"86",12013,11641,11813,10388,15213,14244
"87",11508,11386,8003,7473,10963,10835
"88",11248,11119,9953,9079,11913,10740
"89",13398,13082,8848,7942,14283,12823
"90",12698,12650,12643,12580,8183,7862
"91",13258,13127,11073,10410,15678,13654
"92",12528,12492,11663,11660,11258,9889
"93",11428,11292,13153,12377,14068,13718
"94",13223,12753,12058,11991,10003,9870
"95",9958,9875,9293,8982,13128,12059
"96",10653,10296,10928,10023,10883,10742
"97",13818,13462,9433,9375,11233,9980
"98",13633,13255,4453,3849,9508,8477
"99",13443,12991,8148,8084,11588,11423
"100",12823,12519,10643,10401,13318,13318
"101",12573,11464,7503,7067,7773,7615
"102",11748,11710,13603,13148,14678,12984
"103",13138,13096,11003,9813,13228,12916
"104",11958,11940,12908,12654,17608,14730
"105",10598,10560,9638,9574,14593,12385
"106",14503,14047,13498,12801,12963,11330
"107",10903,10604,12053,11775,13608,9330
"108",12878,12539,9363,9125,11488,10094
"109",11933,11573,7153,6839,11168,10404
"110",13468,12688,10953,10670,8628,8181
"111",12038,11869,9068,8891,11438,8440
"112",11488,11470,5603,5111,11698,10352
"113",12243,12147,8018,7808,8883,8418
"114",12673,12608,10128,9956,14458,14196
"115",12913,12554,10203,9431,6483,6455
"116",14363,13188,8598,8507,12703,11917
"117",12698,12490,11363,11013,11863,11801
"118",11628,11482,5583,5534,9968,8836
"119",11863,11271,8368,8151,14748,14748
"120",13968,13537,10913,10496,13038,12276
"121",14193,13376,8143,7833,6898,6551
"122",11128,10504,9133,8980,12678,12646
"123",13583,12983,7138,6985,9718,9718
"124",12873,12097,9498,9404,16043,14906
"125",10973,10956,4998,4954,13418,12085
"126",12228,11733,8553,8367,13068,11245
"127",13323,12982,7038,6943,17873,14498
"128",10418,10390,5418,5311,8878,8637
"129",12708,12361,9268,8460,11153,9804
"130",11403,11370,7193,7172,19983,14975
"131",10803,10785,11208,11182,11663,11102
"132",9283,9053,8568,8137,12698,12590
"133",14738,13930,7478,7325,7558,7135
"134",13323,12754,7298,7229,15753,14989
"135",15378,14671,11168,10929,13228,11840
"136",11968,11947,7858,7526,14608,14172
"137",11898,11309,9633,9601,14013,13991
"138",11548,11469,9758,9589,12388,12318
"139",10923,10803,14243,13663,19223,14797
"140",12823,12757,9618,9347,12863,11874
"141",11528,11463,11053,10826,13818,12552
"142",13183,13124,10793,10400,18238,14354
"143",15118,14517,7478,7461,11988,11948
"144",10653,10645,9053,8886,11983,9610
"145",12563,12377,8968,8843,14293,12932
"146",12288,11710,11158,11144,14763,11973
"147",11953,11953,11263,10806,12758,12464
"148",10673,10569,8668,8614,12503,10263
"149",11593,11236,11228,11189,13328,12608
"150",13148,12968,5753,5625,9188,8521
"151",15618,14709,11708,11297,7628,7490
"152",13128,12918,11743,11109,15223,13908
"153",14488,13492,15373,13669,10883,9283
"154",11878,11877,13983,12651,13478,11952
"155",11373,11336,9023,8962,16643,13768
"156",11353,11287,10108,10103,12868,11420
"157",13013,12995,5978,5978,15963,13361
"158",13303,13058,9908,9892,12898,12613
"159",10813,10737,9988,9645,12463,10559
"160",12618,12481,7408,7380,17133,13606
"161",12228,12090,10743,10587,10113,9594
"162",13368,13330,7218,7205,13703,13401
"163",12968,12650,11203,10260,9293,8646
"164",12653,12551,6128,6110,13903,12677
"165",13093,12545,5803,5765,13513,11970
"166",13398,12701,9408,8971,15633,11268
"167",11163,11163,6043,6019,14543,14543
"168",12788,12710,10598,9994,13798,13448
"169",14413,14121,12108,11645,15733,14482
"170",13608,12985,6858,6853,14573,13716
"171",11758,10763,8203,8114,14288,13974
"172",12998,12484,11238,10916,9458,8997
"173",14503,13261,7858,7733,4273,4045
"174",12088,11859,10503,10407,15288,13259
"175",11748,11503,8483,8323,14573,12399
"176",16143,14421,12113,10217,10118,9974
"177",11423,11191,8978,8586,16093,13003
"178",12778,12650,10043,9829,11373,11062
"179",12063,12040,6893,6747,8273,7996
"180",15218,14912,11118,10401,10668,8528
"181",12688,12479,10453,10132,11838,11214
"182",11138,10836,12243,11994,13943,13308
"183",13408,13289,12443,11928,11808,11229
"184",11783,11443,8238,7949,4978,4705
"185",10703,10080,8513,8194,15853,13662
"186",11238,11173,12803,12686,14668,13752
"187",11063,10915,13123,11663,8713,8226
"188",12443,12303,11843,11827,13073,9986
"189",12713,12670,9728,9532,11383,10332
"190",12613,12505,10318,10049,12418,12418
"191",13518,13411,12738,12681,5788,5482
"192",13943,13481,10283,10251,16523,14337
"193",12778,12310,8688,8663,14313,13131
"194",12988,12553,6278,6101,14973,13193
"195",12988,12901,10143,9614,10218,8252
"196",12018,11990,9888,9736,8883,8832
"197",12748,12299,5793,5599,9253,8002
"198",13348,12998,6538,6442,13208,11761
"199",12108,11549,13443,12784,11623,10449
"200",12123,11084,6743,6711,7553,7459
"201",13613,12623,11678,11488,14878,12406
"202",13923,13890,5063,4676,13418,13162
"203",11653,11440,11398,11206,10533,10443
"204",12383,12364,9148,9146,17558,13740
"205",11663,11497,7073,7007,7783,6521
"206",11748,11734,11173,11140,16273,13873
"207",13258,12799,11708,11470,14528,13560
"208",14183,14114,8793,8684,14598,13702
"209",13013,12866,12588,11958,16688,13985
"210",12838,12254,12068,10766,12523,12109
"211",10918,10856,8978,8274,15708,14512
"212",13358,12712,11528,11390,14528,13616
"213",15498,14439,6228,6082,9548,9016
"214",11878,11398,11478,11284,12278,10053
"215",13238,12900,9753,9685,14923,13544
"216",10198,9468,12118,11702,19348,14809
"217",14058,13511,12348,12049,16683,15000
"218",12068,11708,8223,8223,15303,14189
"219",12788,12665,8068,8022,11823,11289
"220",13338,12981,7453,7140,17408,12996
"221",10803,10760,10048,9930,6068,5090
"222",11168,10836,13508,13085,14443,13465
"223",12078,11487,10178,9632,9963,9827
"224",9323,9271,7643,7453,14238,12247
"225",8023,7935,5068,4995,7038,5403
"226",10788,10663,10568,9836,13468,12733
"227",8708,8602,7663,7538,11493,10387
"228",15018,13809,9503,9384,15838,12949
"229",12758,12376,10683,10435,11268,11236
"230",12198,12198,11508,11208,13343,11530
"231",13133,12271,8878,8188,16648,14459
"232",12308,12308,11053,10782,11133,10666
"233",10758,10758,11133,10896,12148,11419
"234",12278,11945,8133,8060,13373,12914
"235",14008,13225,7333,7105,7358,6801
"236",12828,12329,12998,12996,14303,11996
"237",13538,13314,7583,7540,15803,14559
"238",13663,13605,11688,11532,6673,5302
"239",14573,13741,9133,9004,15253,11955
"240",13168,12204,8533,8317,12693,12542
"241",12093,11838,11343,11203,16388,13587
"242",13328,12701,10653,10422,11738,8498
"243",11073,10731,11888,11888,16683,13922
"244",12738,12254,6698,6190,10658,10416
"245",13668,13449,8973,8586,16728,13208
"246",13098,12281,5908,5804,9118,8797
"247",9358,9272,10748,10299,19313,14469
"248",14383,13205,10998,10296,11163,10958
"249",14068,13913,13348,13049,12733,12605
"250",11648,11413,6598,6555,8178,7705
"251",13268,12977,9388,9150,11233,10059
"252",10948,10847,6708,6597,9288,9252
"253",13468,12984,10743,10734,6048,5664
"254",15208,14621,9973,9915,9483,8843
"255",13373,12731,10883,10786,13753,13219
"256",10823,10717,9908,9183,15683,13601
"257",11463,11445,7258,6977,13833,13747
"258",11673,11588,13603,13128,13643,10564
"259",11653,11540,10333,10265,14253,13325
"260",12308,11857,12868,12845,11588,11543
"261",14103,13648,8153,7708,7453,5406
"262",15138,14432,11853,11188,18693,15000
"263",11328,11328,12803,11881,16873,14154
"264",13013,12636,10383,10128,17623,14014
"265",8823,8735,8458,8417,5563,5013
"266",11163,11051,6113,5833,13228,13202
"267",14313,13279,8513,8459,12288,12109
"268",11593,11419,5088,3874,8538,8105
"269",11298,11091,11148,11084,12953,12267
"270",14728,13661,10773,10414,2633,2281
"271",12463,12416,6613,6400,14263,12364
"272",13638,13077,9633,9309,10788,10234
"273",11868,11868,10958,10664,13838,13791
"274",13943,12981,12058,11993,11553,10265
"275",13588,12289,10433,10389,12613,12048
"276",12278,11998,13423,12935,7433,7080
"277",12463,12337,8318,8248,16383,13153
"278",12903,12881,10518,9994,7748,7225
"279",12453,12110,12118,11933,8858,7895
"280",12873,12554,10473,10243,13678,12801
"281",10633,10633,7033,6734,15338,13697
"282",12608,11774,10528,10344,8873,8112
"283",13508,13380,10933,10841,11828,11401
"284",14308,13649,4503,4391,13698,12727
"285",12788,12134,9933,9925,13018,11437
"286",10288,10069,9578,9230,19178,14857
"287",12578,12371,13083,12820,10218,10079
"288",11348,11305,9988,9582,13058,12147
"289",14823,14172,12388,11391,16488,14891
"290",13423,13405,7773,7576,17578,13891
"291",11693,11693,11073,11061,16193,14437
"292",11863,11616,9958,9878,6833,5620
"293",11278,11114,12178,11981,15833,13961
"294",13613,13572,6093,5680,13203,11346
"295",12678,12678,10698,10267,10518,10232
"296",12648,12440,9998,9057,11328,9620
"297",10933,10833,10703,10310,16203,14357
"298",13593,13108,13078,12410,14683,13095
"299",12438,12099,11858,11812,11848,11579
"300",14983,14571,6398,6257,10388,10169
"301",13128,12924,10048,9596,13693,13636
"302",13303,13149,6048,5916,11483,11134
"303",11498,11462,8243,8172,17473,13062
"304",10613,10186,9723,9596,12953,10511
"305",13938,13586,7863,7299,13568,13254
"306",12363,11497,10228,10140,9763,8621
"307",11878,11878,8408,8117,9818,9204
"308",13403,12602,7678,7205,14998,14279
"309",14908,13751,9763,8975,14718,13906
"310",13038,12939,9283,8562,13128,12324
"311",13103,13015,13143,12710,11448,8896
"312",11353,10969,10933,9640,14733,14532
"313",11868,11621,8538,7917,10428,10173
"314",11523,11471,7718,7696,16178,14731
"315",14033,13643,10978,10885,2743,2464
"316",12413,12300,6958,6756,13063,12918
"317",12433,12340,10428,10085,13223,12517
"318",13898,13293,9578,9303,11468,11181
"319",13608,12611,8808,8427,13398,10124
"320",13203,13108,9568,9540,10828,9791
"321",13783,13384,6508,6088,8423,6464
"322",16293,14890,10408,10365,13963,12429
"323",12988,12681,10978,10656,9543,8158
"324",11248,10859,7648,7463,16758,14970
"325",12468,12115,9283,9035,12843,11890
"326",12123,11853,10863,10776,14268,14154
"327",14213,13682,10998,10530,17053,14166
"328",11353,11141,5938,5653,10183,9998
"329",15588,14122,12068,11905,9318,8665
"330",12413,12301,10528,9958,9448,8609
"331",12758,11987,10273,9797,12783,12256
"332",13268,11957,8223,8000,14553,14237
"333",12678,12591,11878,11342,11913,10487
"334",13648,13494,9708,9623,8208,6937
"335",13073,12940,13078,12292,16948,13692
"336",13633,13541,9088,8628,10883,10688
"337",14198,13888,8703,8570,18558,14274
"338",14198,13372,9893,9851,12033,11489
"339",11423,10887,7343,7257,10913,10868
"340",12033,11790,10868,10775,12313,11301
"341",9778,9699,4583,4536,12283,11935
"342",13908,12609,9668,9444,13878,12148
"343",11963,11663,10823,10611,15968,13947
"344",13988,13598,11268,11008,6863,6734
"345",12798,12751,11133,11022,13093,13019
"346",12388,12263,11863,11125,14958,13856
"347",12543,12137,11338,10924,10498,10105
"348",12188,12121,11033,10880,13028,12074
"349",8463,8271,9533,9511,15758,14153
"350",11283,11124,12063,11918,12463,12224
"351",12678,12487,10348,9797,3528,2646
"352",14193,13226,9213,8864,11368,10093
"353",14208,13429,9833,9684,16678,14732
"354",13983,13983,8748,8746,15418,13657
"355",11623,11575,10043,10043,13113,11835
"356",14233,13349,12363,12318,8898,7834
"357",15668,14394,9128,9116,8423,7656
"358",13803,13593,12268,11730,13653,12586
"359",11743,11209,12473,12164,18598,15000
"360",14523,13973,5658,5652,12858,10865
"361",10043,9868,9893,9891,9598,9383
"362",11368,11111,10033,9970,13693,13195
"363",13088,12943,8108,7979,9658,9509
"364",10703,10612,9868,9660,20483,14732
"365",13753,13684,7088,6886,18023,14631
"366",14028,12227,10263,9806,11763,11687
"367",10308,10142,10313,10001,5013,4900
"368",12473,11475,8898,8866,14733,14357
"369",13613,13360,12143,11701,12103,11387
"370",12598,12231,8388,8370,13638,11374
"371",13763,12750,8433,8433,15368,14718
"372",11338,10863,9113,9030,10353,9616
"373",12348,11868,9033,8911,15868,13659
"374",13983,13032,9513,9450,7153,6475
"375",10513,10379,7448,7199,12653,12053
"376",10728,10533,10843,9673,12608,11221
"377",11618,11428,9733,9191,14708,13506
"378",12223,12133,11888,11860,16043,15000
"379",12773,12458,10503,9613,12463,11442
"380",13098,13097,8773,8422,11908,11342
"381",11303,10994,12088,11699,11523,11124
"382",13203,12275,10013,9989,9308,8822
"383",12653,12056,11123,10569,11303,11231
"384",10653,10471,12798,12136,10173,9810
"385",13288,12928,8418,8371,8178,7726
"386",11733,11574,14128,13155,13768,12439
"387",14193,14053,10868,10610,3933,3831
"388",14703,14022,4773,4192,15053,14562
"389",13668,13464,10418,10218,8078,7535
"390",13123,12642,7913,7515,11613,10218
"391",13158,12452,7298,7239,13513,12655
"392",14068,14016,10133,9640,12823,11485
"393",12683,12553,8958,8799,15753,14499
"394",13628,13118,10338,10289,13598,13264
"395",14788,12898,12453,11287,9918,9687
"396",13233,12979,15218,13802,12273,11089
"397",13143,12574,9623,9124,14558,13950
"398",12128,11801,12243,11667,12063,11671
"399",13158,13109,9293,9221,16568,14818
"400",13358,13212,11248,11092,10398,10323
"401",14573,14054,11378,11059,11153,11152
"402",13873,13692,10398,10037,6528,6322
"403",14223,13230,12808,12053,9283,9078
"404",12603,12170,8623,8300,15743,14313
"405",15788,14667,9973,9862,15083,13732
"406",11973,11777,6258,5560,11958,9359
"407",12543,11839,7143,6787,14373,12931
"408",13273,13131,12568,12468,12623,12517
"409",11303,11179,11623,11381,17108,14320
"410",12903,12862,5613,5467,9788,8161
"411",10163,9756,8743,8590,15853,14062
"412",13003,12751,7563,7366,13838,13660
"413",13538,13538,8848,8630,12118,11110
"414",13293,13283,9798,8753,3268,2259
"415",11318,11108,9068,9056,16198,14897
"416",10693,10599,8533,8319,14603,14310
"417",13038,12950,7023,6779,4683,4175
"418",12823,12664,11683,11501,15553,12661
"419",14103,13069,10088,9560,12248,10229
"420",11578,11464,10043,9814,12463,11460
"421",13803,13433,12398,11603,3278,2325
"422",13398,12239,10738,10257,10918,9571
"423",11813,11813,10718,10603,10088,9963
"424",11788,11605,15173,14241,13578,11608
"425",14573,13707,7378,7313,15673,14380
"426",14123,13539,8688,8475,16078,13978
"427",11418,11320,12988,11559,7073,6765
"428",14723,14283,6553,6023,17193,12853
"429",13678,13487,11553,11519,9618,9008
"430",13358,12897,9603,9521,12103,10192
"431",13583,13470,11148,10360,10463,9903
"432",12758,12473,9658,9389,14553,12869
"433",12758,12670,7353,6789,14418,12291
"434",12898,12890,11388,11161,5588,5322
"435",13798,13702,8613,8189,14813,14658
"436",13498,13014,8278,8226,9543,9139
"437",11573,11520,8843,8502,12993,11568
"438",12658,12525,11673,11231,10293,9866
"439",10563,10450,8638,8227,13738,13066
"440",13928,13770,10038,10036,13888,12308
"441",11628,10765,6853,6396,17373,14829
"442",11758,11645,10883,10687,17298,13873
"443",10938,10936,10598,10070,16778,14935
"444",13673,12718,12313,12059,12868,12690
"445",11198,11139,10148,10035,14683,14033
"446",14883,13589,9773,9731,11713,11295
"447",13203,13162,10823,9776,16323,13461
"448",11063,10721,7673,7673,6748,4913
"449",10128,10101,12268,11597,12228,11281
"450",8683,8503,11123,10997,13203,13083
"451",11673,11657,11358,11000,13818,11980
"452",13713,12791,4413,4365,9538,8695
"453",10483,10363,10743,10267,7963,7611
"454",14838,14503,7768,6667,9718,9415
"455",12363,12256,9593,9560,4698,4352
"456",12043,11655,9203,9042,13603,12422
"457",9738,8963,9828,8733,12463,12001
"458",12348,11736,11508,11482,8023,8023
"459",13968,12885,10373,9580,12488,11274
"460",11088,10853,10458,10458,16828,14949
"461",10608,10316,9143,8924,12443,12307
"462",15158,14798,13578,13323,12858,11496
"463",11548,11510,11123,10846,16948,13911
"464",11628,11427,9348,8980,12263,11580
"465",11963,11693,9538,9538,13233,12883
"466",13028,12598,7318,7267,13653,12086
"467",13438,13214,8038,7984,19363,14601
"468",12058,11838,10173,9383,14498,13649
"469",13108,12448,9638,8968,12903,12697
"470",11518,10665,8238,7936,18233,14977
"471",12363,12151,7793,7725,6168,5683
"472",11958,11885,6853,6793,12628,11650
"473",11818,11622,7588,7328,7353,6287
"474",12893,12778,11303,10754,13678,13488
"475",13493,13160,8288,8288,13278,12836
"476",12383,12381,11218,10628,5323,4737
"477",8408,8192,4713,4252,16163,13363
"478",10803,10386,12623,12351,12278,11453
"479",12773,12665,8343,8180,16123,13943
"480",13068,12505,7593,7563,11283,10286
"481",12248,12167,11648,11584,7763,7446
"482",11018,10920,10673,10599,9448,9278
"483",14378,13919,10968,10828,11248,10502
"484",13018,12361,10388,10080,12668,11125
"485",13843,12870,14983,13454,16223,14248
"486",12283,12042,8423,8033,8748,8467
"487",11403,10764,6703,6625,9328,9135
"488",12403,12224,6738,6542,15108,11620
"489",12633,12623,9228,8959,7513,7345
"490",13288,12763,8723,8333,1963,1963
"491",13653,13269,11078,10911,12568,11734
"492",11103,11039,8218,8177,13223,11971
"493",11228,10711,13243,13062,12493,11516
"494",13188,13133,7598,7357,10148,9813
"495",12573,12232,9803,9692,11558,9999
"496",12113,12113,9533,9428,14918,12471
"497",13518,13481,13243,12937,7768,7496
"498",13123,12908,10188,10055,7073,6885
"499",12743,12389,10908,10595,9863,9264
"500",12963,12421,9003,8504,12048,11803
"501",10638,10630,4818,4752,12148,11466
"502",11503,11285,12258,12209,9553,9377
"503",13008,12785,6968,6335,16683,13925
"504",12678,12640,5088,5042,11563,10775
"505",12293,11984,8898,8739,14093,13384
"506",12008,11697,6823,6665,5283,4303
"507",12133,11474,11333,11320,14743,12470
"508",10913,10415,4213,4191,16973,14086
"509",14393,13457,8208,8055,12168,11805
"510",12648,12321,10528,10506,15713,14970
"511",12348,12340,5793,5710,9503,9325
"512",11523,11072,7798,7717,14818,13582
"513",14233,12904,8218,7937,17193,14348
"514",13258,12622,13133,12348,13238,10815
"515",14308,12427,10168,10105,16788,15000
"516",8923,8906,9973,9971,14428,13334
"517",13808,13648,9568,9453,13658,12868
"518",16158,14800,9568,9295,10523,9588
"519",12463,12423,12263,11535,14068,13314
"520",12713,12324,10018,9966,12333,11266
"521",12948,12791,13373,13226,10923,10775
"522",12128,12094,7968,7968,11633,9589
"523",12168,11755,11683,11430,12063,11404
"524",10203,9560,11888,11488,9578,9431
"525",11913,11449,9423,9314,16623,14898
"526",11343,10729,9668,9524,12073,10335
"527",13898,13444,11193,11193,11453,11359
"528",12558,12441,11893,11356,13098,10967
"529",12683,11393,10288,10288,16853,14770
"530",12308,12188,11628,11220,13118,12916
"531",15023,14597,13463,12625,14208,12960
"532",14573,14570,10353,9941,13143,11568
"533",15073,13516,8868,8677,17338,14199
"534",9858,9787,12103,12079,12718,12345
"535",13538,12392,13803,13474,15148,11676
"536",7338,7235,13468,13188,14628,13576
"537",10843,10436,13203,12942,10043,9662
"538",13243,12723,10028,9870,9553,9222
"539",14908,14115,9243,9243,14433,13882
"540",11918,11612,10638,10414,5638,4972
"541",9933,9648,11338,10825,17193,14833
"542",13098,12826,11003,10942,13623,12448
"543",11958,11732,9338,9098,11408,11133
"544",11453,10950,8353,8075,13788,12259
"545",13478,12989,11563,10426,10123,9391
"546",12428,12104,9918,9773,10573,10407
"547",10083,10065,8648,8369,12033,11263
"548",10833,10776,7243,7192,8153,8008
"549",12293,11896,8063,7714,15208,14192
"550",11028,11000,10298,10224,12063,11890
"551",12998,11846,10658,10607,10948,10181
"552",13933,13667,11508,11233,13458,11810
"553",13398,13280,8293,8186,12528,11901
"554",12848,12588,10003,9926,12803,12103
"555",12898,12230,14103,13588,15413,13575
"556",14983,14361,11538,11272,13198,12897
"557",12383,12227,8803,8446,12278,12118
"558",13388,12558,8533,8217,7418,6250
"559",11538,11151,8553,8383,10848,8933
"560",12863,12025,7583,7136,13723,12544
"561",12443,12303,11208,11095,18468,14748
"562",12453,11752,7728,7605,13188,9652
"563",10523,10481,11628,11575,13138,10552
"564",10948,10948,8853,8566,12943,11693
"565",11218,11200,8228,8199,18883,14930
"566",12193,11505,7498,7334,11593,11120
"567",13208,12348,11128,10706,14323,12192
"568",11968,11745,8123,7748,13338,13089
"569",12923,12391,7963,7720,13608,11735
"570",13058,11928,10813,10763,12388,11400
"571",12768,12596,12813,12400,14723,14255
"572",13128,12980,5353,5336,14448,13965
"573",14123,13994,8648,8250,15498,14722
"574",14133,13746,9418,8427,9258,8840
"575",10568,10513,8868,7625,7938,5632
"576",14053,13641,15183,14615,15678,14081
"577",15733,14684,8918,8553,13753,12802
"578",12383,12129,8678,8468,14733,13301
"579",13918,13903,6743,6567,9078,8915
"580",11273,11255,11763,10811,12873,11814
"581",12888,12845,6853,6816,13498,11952
"582",13058,13055,10198,10127,11698,10701
"583",15543,13799,9738,9491,12988,12359
"584",10898,10728,8863,8507,5293,4414
"585",11948,11620,9543,9370,13523,11336
"586",12088,12005,9323,9168,16878,14986
"587",12868,12554,11073,10978,9938,8698
"588",11643,11605,9443,8412,14348,14087
"589",12958,12793,11428,10878,12923,12421
"590",13963,13528,7803,7770,13088,12718
"591",10938,10676,5158,5077,10983,9392
"592",10163,10163,9543,9110,11518,11228
"593",12553,12000,10573,10079,11663,9717
"594",13333,12523,7848,7797,15203,12777
"595",12403,12334,10703,10041,15883,14258
"596",12798,12761,11208,10697,14373,12654
"597",11908,11777,6253,6186,15113,14443
"598",13108,12874,9623,9623,8763,8029
"599",10153,9736,7143,6906,9738,9449
"600",11178,11109,9128,9095,10398,9790
"601",11968,11563,9393,9071,17403,14231
"602",11638,11610,12528,12021,13153,11625
"603",12343,12343,8523,8021,17043,13881
"604",13653,13216,12173,12173,12803,9180
"605",14848,14410,12383,11766,15648,14580
"606",11258,11099,13373,12380,15388,11745
"607",13658,13089,10293,9905,18438,13774
"608",12143,11478,10123,9373,20103,14616
"609",14408,13511,9363,9231,11493,9745
"610",10463,10242,10303,10224,13253,12306
"611",13113,13071,10588,10554,13278,13155
"612",11948,11916,9273,9040,13933,12627
"613",13953,13060,12208,11822,10263,9995
"614",12238,11548,12568,12257,11228,11122
"615",15033,14697,11873,11567,14883,12854
"616",11628,11449,10048,9956,11588,10457
"617",12998,12605,13063,12967,16548,14139
"618",10763,10498,8883,8316,11208,10560
"619",11403,10777,11343,11229,12573,9388
"620",12753,12457,12243,12065,12563,10483
"621",12803,11826,12843,12675,14168,12930
"622",11293,11048,8388,8342,17308,14036
"623",12403,12387,10868,10552,7393,7035
"624",12278,11442,9618,9122,10063,9271
"625",10993,10396,7923,7789,14228,12412
"626",12818,12588,10383,9912,16093,15000
"627",9883,9864,8123,8058,18693,14898
"628",12158,11377,9343,9089,13673,12561
"629",11433,11433,11728,11528,15258,14028
"630",10413,10287,5528,5352,15568,12488
"631",13783,12811,7628,7509,16208,14398
"632",11493,10871,5988,5900,13728,13147
"633",12428,11760,9608,9338,14448,14128
"634",14343,13819,8353,8241,11403,11224
"635",15263,14232,11528,11216,13898,13524
"636",13673,13431,10238,9960,13013,10949
"637",12498,12498,11233,10986,11653,11195
"638",12443,11838,9238,9211,11663,11135
"639",12508,12043,8678,8589,10993,10581
"640",10503,10092,5973,5838,13593,13094
"641",9713,9702,13163,12910,9143,7619
"642",10473,10326,6093,5361,10123,9757
"643",9943,9789,8228,8150,11278,8549
"644",12058,11718,9793,9672,14013,12309
"645",15153,14243,10143,9989,13018,11739
"646",13748,12543,7308,7218,17033,14783
"647",12718,12448,11413,11244,15353,14187
"648",13338,13215,11173,10841,11038,10318
"649",13638,12400,12438,11560,9418,8969
"650",15053,14053,10638,10498,9208,8727
"651",12458,12097,8398,8065,9893,9552
"652",13023,12886,10668,10268,11518,11094
"653",11628,11429,9523,9242,7723,7687
"654",11858,11474,6698,6599,13143,13015
"655",10503,9802,7673,7610,10173,9042
"656",10428,10179,11103,11060,12448,11432
"657",14298,13867,8578,8312,17603,14578
"658",12688,11989,10733,10245,16338,14862
"659",11658,11355,6738,6590,8668,8527
"660",11898,11246,9588,9096,9908,9526
"661",12233,11442,6183,5886,14633,12609
"662",13358,12861,7658,7552,18163,14927
"663",11143,10975,10713,10196,9813,9326
"664",13898,13537,12183,12053,9868,8010
"665",12003,11946,10568,10406,15253,14747
"666",12823,12605,7938,7870,13628,12997
"667",11578,11236,8363,8009,14738,13396
"668",14038,13212,12818,12184,14948,13156
"669",15453,14432,12198,11806,16483,14203
"670",12743,11666,12323,12112,14083,12224
"671",13678,12760,10703,10651,14863,13874
"672",12598,12598,5388,4423,15983,14569
"673",13593,13239,7693,7548,13108,11048
"674",11618,11561,8123,7999,13188,12298
"675",12783,12541,9448,9156,11678,11494
"676",15363,14834,10523,9844,10673,10465
"677",12918,12269,11668,11560,10578,9772
"678",11113,11026,9293,8994,15663,12435
"679",11838,11718,12143,11915,9423,9294
"680",13093,12598,11508,11119,14753,13726
"681",11968,11718,6443,6379,11533,10000
"682",13743,13741,9963,9880,13508,12953
"683",11168,11168,10138,10057,14198,13151
"684",12273,12251,8563,7940,20068,14881
"685",12253,11979,9638,9514,12573,11274
"686",12618,12307,10388,10380,13248,11971
"687",11763,11668,10298,9719,12968,12470
"688",12638,12363,11158,11149,10133,8380
"689",11848,11833,10268,10206,13398,10943
"690",13268,12704,9608,9485,16228,13756
"691",12858,12090,9578,9421,12893,11806
"692",13293,12349,5818,5066,6398,6350
"693",13543,12466,12398,12002,14068,12855
"694",14428,13928,6623,6436,12608,10012
"695",15958,14484,13143,12712,10408,10065
"696",12588,12550,10868,10730,12823,12618
"697",12688,12671,11338,11117,17538,13401
"698",11993,11656,11828,11614,9783,9353
"699",13818,12845,9808,9573,8908,8584
"700",14583,14016,10918,10918,16538,13850
"701",10428,10400,9373,9056,13573,13536
"702",14533,13246,8373,8373,14003,13643
"703",11203,11194,10838,10826,9458,8917
"704",14443,12551,7048,7021,8408,8148
"705",12368,12368,13343,12695,7868,6661
"706",12078,11622,7208,6638,15018,13128
"707",13673,13344,14183,12145,17333,14643
"708",12308,11783,7313,7073,12728,11456
"709",14833,14047,11928,11912,19413,14924
"710",12663,12039,6783,6623,13248,12745
"711",13488,13032,10173,9993,10063,9289
"712",12923,12390,11833,11550,10293,9108
"713",11443,11317,9278,9205,12723,10964
"714",13778,13254,9648,9648,11163,10099
"715",10743,10561,12408,12071,12693,12652
"716",12908,12856,8753,8660,13223,11191
"717",14558,13712,5373,5203,12173,11829
"718",11708,11567,13378,13120,15093,14355
"719",12738,12675,13073,12942,10268,10176
"720",14243,13767,7923,7482,13658,12949
"721",12003,11790,8808,8808,14433,13552
"722",11843,11780,9773,9611,13693,12622
"723",14963,13791,11208,10866,13468,13178
"724",12358,12350,13528,13226,15703,13234
"725",14598,14322,10548,10506,17138,14552
"726",14168,14140,9358,9251,11078,10443
"727",13343,12280,9473,9432,8948,8539
"728",12248,11861,11068,10959,10798,9312
"729",11408,11276,7358,7123,13608,12176
"730",12543,12525,10178,9898,13473,10822
"731",11433,11095,7853,7791,403,105
"732",13923,13616,11763,11265,14968,13753
"733",9983,9886,10193,9587,15323,12756
"734",11893,11590,11758,11676,12513,11930
"735",13243,12647,10563,10460,5063,4476
"736",13583,13542,12053,11517,12988,11831
"737",12858,12696,9578,9340,13253,11336
"738",15098,14077,7068,6937,12153,10410
"739",11238,11144,11048,10771,15388,14056
"740",10448,10228,7493,7463,16208,12891
"741",9958,9906,9303,9211,13668,13134
"742",11228,10838,1803,1624,14278,13007
"743",10703,10506,10218,10095,12928,11642
"744",12758,12708,7298,7262,9138,8371
"745",15623,14801,8708,8506,12943,11320
"746",14498,13375,5813,5801,6333,6225
"747",14013,13743,6233,6220,9358,8071
"748",9828,9506,10928,10113,5438,4321
"749",12798,11560,12873,12211,10858,10443
"750",12113,11821,8478,8370,15238,12992
"751",14243,13937,11438,11395,13278,11979
"752",12278,12199,8793,8769,11063,10127
"753",12648,12407,11603,10590,12908,12795
"754",11848,11160,2718,2654,16598,14371
"755",13588,13556,8578,8348,12568,12162
"756",12538,12484,8128,7866,15888,14141
"757",10213,10185,6353,5986,9258,8900
"758",13948,13918,12938,12550,8758,8475
"759",11283,11265,7933,7554,10828,10282
"760",9023,8689,12853,12831,10933,10933
"761",13613,13605,10323,10148,10703,10624
"762",12478,12402,6353,6353,4493,4193
"763",12453,12302,10328,10295,4568,4531
"764",11483,11142,9738,9603,11548,11420
"765",10273,9776,5748,5700,11438,11240
"766",12658,12652,11848,11072,12823,12573
"767",10418,10287,11368,11148,15203,14341
"768",11623,10314,14063,13680,12568,10442
"769",13403,12667,13768,13217,15978,14146
"770",15583,14636,15258,14757,18268,14462
"771",12028,11729,12643,11683,10973,10440
"772",14148,12906,12913,11885,10593,9038
"773",12873,12835,8828,8750,11858,10397
"774",12573,12041,10513,10475,10368,9543
"775",14758,14368,8788,8566,15653,14750
"776",13733,13001,14308,13643,11673,11300
"777",13103,13073,10913,10497,15303,12093
"778",13373,13308,11383,10628,10548,10477
"779",14898,13983,10978,10398,7193,6863
"780",10843,10740,448,389,14978,12830
"781",12453,12438,7668,7266,12363,12073
"782",11853,11825,7628,7571,12753,12352
"783",14598,14073,8873,8616,15023,13273
"784",13888,13793,12303,11534,16163,13910
"785",11733,11546,11698,10293,10183,9676
"786",15048,14086,9483,9414,14543,14081
"787",10573,10429,12833,12821,13063,13063
"788",12028,11891,12368,11956,7148,6513
"789",14988,13990,9003,8889,19353,14842
"790",12983,12859,12783,12107,12693,10195
"791",13568,12829,12163,11704,17958,14730
"792",14688,13961,12643,12090,10258,9627
"793",12753,12652,12773,11663,8913,8621
"794",13583,12970,8468,8468,9163,8500
"795",10103,9800,8363,8293,9398,8669
"796",13068,11765,12503,12396,17063,12253
"797",11818,11504,6353,6245,7803,7536
"798",13978,13978,7493,7493,10718,10055
"799",12103,11210,13963,13963,14363,14084
"800",11938,11883,12053,11201,12088,11325
"801",15348,14689,10823,10460,19308,14648
"802",12358,12348,9048,8996,13003,12096
"803",11958,11470,11158,11113,12828,11537
"804",11088,10979,6408,5986,13893,13424
"805",14168,13117,9658,9227,14338,12183
"806",12413,11341,10948,10263,11593,11163
"807",10953,10844,10178,9419,12873,12345
"808",11413,11392,10088,9317,12058,11524
"809",10518,10238,12268,12187,12078,11576
"810",12613,12198,11763,10803,12178,11030
"811",12043,11664,14768,13595,14673,13961
"812",13683,13559,9723,9139,11228,9705
"813",13228,12635,8213,8201,16133,14836
"814",10978,10919,8293,8234,11828,11337
"815",12458,12060,10558,10330,9778,9737
"816",13588,13459,8313,7321,9708,9272
"817",13933,13887,10808,10145,11853,11685
"818",10593,10398,7013,7007,14613,12907
"819",13928,13170,9398,9340,9123,7395
"820",12493,12252,8808,8372,9053,8847
"821",13453,13360,11798,11734,14063,12477
"822",13423,13375,8743,8333,15753,14013
"823",11068,10979,8123,8010,16218,13658
"824",12148,11990,10693,9398,8513,8015
"825",12508,12337,9618,9581,9703,8005
"826",15023,13771,12103,11852,15843,12982
"827",12478,12099,9923,8929,15718,13041
"828",12163,12163,11133,10670,9523,9307
"829",14088,13756,6958,6886,16228,12214
"830",12068,11889,10088,9933,16173,14854
"831",12363,12079,9308,9211,12558,12355
"832",12428,11738,7213,6679,11983,10329
"833",12678,12331,9778,8804,13643,12655
"834",11973,11652,10833,10664,16328,13939
"835",12968,12123,6648,6515,15943,12452
"836",12428,12401,10413,10413,14223,13796
"837",13343,12949,8798,8099,4763,4068
"838",9598,9538,9948,9240,9888,9819
"839",12048,11998,6038,6016,14443,12192
"840",13138,12817,8118,7994,13393,13200
"841",12183,11713,7798,7640,16063,12753
"842",12053,11683,9228,8616,13108,13100
"843",14028,13917,12083,11522,11023,10089
"844",12133,12086,10978,10729,16498,14440
"845",13178,12979,13093,12485,12308,11177
"846",12293,12285,7448,7247,17023,13995
"847",10068,9964,10658,10658,9618,9044
"848",13073,13045,8588,8513,10468,10178
"849",12258,11760,10533,10109,14868,14483
"850",13508,13445,10783,10740,10933,10874
"851",14523,13955,4468,4220,10553,9897
"852",11258,11206,11533,11070,14568,12908
"853",13573,13506,8203,8141,9513,9009
"854",9548,9341,9658,8800,15028,14776
"855",12913,12797,8318,7807,13398,12910
"856",12383,12246,6998,6960,13308,13092
"857",12633,12369,14578,12852,12473,11671
"858",14373,14267,10463,10191,3983,3633
"859",11243,11186,11968,11682,12743,12245
"860",14743,13590,10978,10778,4888,2942
"861",11868,11616,9848,9725,8998,8912
"862",11953,11953,8178,8044,17563,13345
"863",13353,12854,10268,9963,6663,5619
"864",11488,11424,14543,13513,8928,7035
"865",14628,13349,11238,10930,11948,11747
"866",11993,11729,9898,9455,13468,13411
"867",12133,11914,8358,7929,14483,13463
"868",10963,10963,10068,9611,8368,7904
"869",12698,12690,11023,10324,11603,11338
"870",11773,11336,12238,12130,9398,9389
"871",11543,11387,6723,6664,8773,8263
"872",13443,12887,11348,11211,12823,12434
"873",11348,11016,8913,8876,11353,11263
"874",12313,12136,6523,6225,11058,8799
"875",10248,10197,10393,10190,12028,11980
"876",12543,12525,10943,10648,13408,13177
"877",13403,12872,9203,9180,18503,14260
"878",9578,9165,8313,8216,19408,14611
"879",12698,12592,11948,10958,12353,11894
"880",9468,9426,4418,4039,9343,8508
"881",15238,13874,11108,11015,14083,12257
"882",12463,12308,8608,8572,11003,10143
"883",13433,13270,10008,9855,15223,13746
"884",15178,12815,10883,10883,13898,12740
"885",13808,13752,11758,10957,15073,13293
"886",12873,11985,9568,9533,11603,10742
"887",12703,12208,9958,9809,10508,10122
"888",12588,12179,10093,9822,5773,5565
"889",12878,12577,11443,11314,16043,14358
"890",15343,14147,11558,11373,5558,5558
"891",11693,11084,9438,9347,16578,14137
"892",13168,13105,11173,10756,6313,6133
"893",12823,12447,8563,8073,10408,9176
"894",12538,12010,8428,8176,11628,11191
"895",11968,11733,5798,5765,4703,4241
"896",14943,14416,10528,10414,15403,14143
"897",10218,9998,13873,13171,13638,12510
"898",10008,9901,9328,8918,4398,4286
"899",8418,8229,7793,7698,15653,14993
"900",14253,14006,7453,7172,5443,5395
"901",12248,11991,7673,7331,10888,10837
"902",11883,11630,12793,12171,7703,5749
"903",10518,10437,12173,11801,13568,12228
"904",12813,11712,10283,9563,7453,7310
"905",11948,11637,13853,13767,10913,9625
"906",12693,12122,9353,8935,5013,5013
"907",11583,9988,8778,8704,16338,12418
"908",15963,14850,12468,11943,14433,13731
"909",9433,9393,8798,8782,14513,12706
"910",14398,13125,7698,7550,9818,9253
"911",14623,13239,8583,8042,15353,14236
"912",12623,12313,11088,10776,8848,7311
"913",14373,13352,8843,8375,2898,2898
"914",10393,9662,8883,8843,18688,14897
"915",12123,11982,10133,10048,12423,12111
"916",12773,12744,13393,13299,10648,9134
"917",11148,10967,11368,11276,11603,10747
"918",13413,13388,6183,6147,16173,14902
"919",9593,9142,11483,11123,11853,11498
"920",11823,11585,10103,9612,14678,11359
"921",12268,12105,3773,3653,14183,12497
"922",10803,10660,13358,12813,16153,14640
"923",12903,12797,14913,13927,7328,7060
"924",12913,12542,7428,6781,6388,5075
"925",12718,12584,11363,9973,13438,13026
"926",13303,12384,9878,9760,16758,14158
"927",9893,9893,11813,11752,9303,9211
"928",12548,12365,9188,9122,14713,13734
"929",13403,13161,8353,8308,12643,12282
"930",14033,13457,12688,11978,15088,13178
"931",12478,12446,10023,9992,13188,12845
"932",11898,11866,6893,6862,11243,10977
"933",11808,11756,7143,7043,14618,12679
"934",15763,14787,7888,7326,10408,8042
"935",14183,13749,10333,10086,12873,12021
"936",10373,10373,12443,12383,13213,12808
"937",13013,12803,9453,9331,14768,12471
"938",13203,12983,9968,9946,12968,12412
"939",11593,11484,7243,6945,8238,7809
"940",14263,14189,9858,8983,16338,13965
"941",11393,11350,6408,6400,15063,13046
"942",15183,13966,12313,12307,5568,3851
"943",14223,13510,9353,8644,14148,13784
"944",16018,14709,8773,8517,16398,12101
"945",10233,9990,7328,7277,17203,14535
"946",11063,10994,8228,8130,13323,13195
"947",13493,13112,9898,9609,15403,13906
"948",12068,11889,7488,7195,10098,9194
"949",12868,12756,11733,11392,6513,6314
"950",11968,11919,10423,10168,11193,10417
"951",12298,12258,7973,7804,8628,8478
"952",13858,13400,10283,9949,16088,13574
"953",14408,13784,13938,13815,12123,11973
"954",12313,12308,10328,9886,16223,14388
"955",15943,14849,12123,11504,14928,14098
"956",13378,12711,6793,6495,11063,10553
"957",13023,12777,10153,9321,11528,10780
"958",13343,13153,11763,11073,14853,13192
"959",10728,10327,6168,5857,11483,10938
"960",13253,13221,9578,9536,12743,12227
"961",11853,11852,10633,10423,14493,12816
"962",13743,13377,10473,10417,17013,14961
"963",12628,12029,11778,11299,12758,10473
"964",11633,11512,7793,7661,13228,12779
"965",13398,12802,8973,8815,10098,9458
"966",12978,12579,9163,8899,15503,13959
"967",10398,10240,9038,8664,14888,12148
"968",12783,12610,12583,11990,8728,8552
"969",13033,12806,10103,9845,8898,8651
"970",13393,13202,11053,10674,17308,14399
"971",12078,11756,10728,10604,12938,12481
"972",12113,11959,8448,8134,12973,11932
"973",13668,13456,11763,11590,9223,7928
"974",11333,10660,8833,8787,11738,10225
"975",13938,13114,9983,9497,4153,3813
"976",15793,13703,10683,10680,16183,14790
"977",14498,14268,10688,10408,13333,11885
"978",15458,14564,15738,13927,13723,12758
"979",11888,11788,11218,11175,13643,12772
"980",13168,12738,9268,9184,13398,11875
"981",12543,12234,11363,11239,17183,14107
"982",13313,13173,10068,9904,11423,10252
"983",13178,13135,7258,7112,13443,12515
"984",10808,10786,10168,9889,15188,12410
"985",14798,14206,11783,10876,13898,13085
"986",12568,12262,14228,13505,14018,13390
"987",12818,12713,8733,8401,9888,9446
"988",12818,12662,7673,7445,15163,13589
"989",13428,13286,10408,10269,13993,12131
"990",12333,12065,9703,9671,11908,9857
"991",11573,11424,11263,11036,20528,14881
"992",9833,9254,10568,10365,13213,12119
"993",12433,12178,7813,7317,8928,7597
"994",12608,12396,12063,10912,14763,13712
"995",10903,10738,9038,8939,12138,11597
"996",12283,12246,11913,11852,7503,7156
"997",10273,10090,13268,13013,12843,10725
"998",11453,10192,9408,8717,12443,11046
"999",14243,13711,9878,9573,17998,14707
"1000",12768,12604,10843,10721,11243,10863
