"","finalStackSize","lowestStackSize"
"1",53915,49708
"2",64500,49801
"3",67345,49988
"4",61750,49445
"5",59200,49907
"6",60010,49998
"7",62765,49887
"8",59830,49031
"9",57695,49543
"10",65385,49989
"11",58585,48558
"12",49080,45853
"13",57255,49523
"14",55810,49274
"15",53970,49983
"16",46250,41679
"17",52135,44704
"18",60155,50000
"19",61335,49433
"20",54450,48128
"21",51270,49218
"22",61800,49822
"23",60160,49024
"24",54855,47823
"25",59290,49511
"26",65195,49229
"27",68090,50000
"28",58585,49687
"29",66175,49587
"30",66200,49260
"31",67940,49993
"32",53540,48978
"33",59330,49419
"34",65740,48014
"35",66405,49909
"36",58110,48914
"37",60470,49177
"38",44810,44714
"39",67990,49977
"40",48480,41222
"41",59305,49157
"42",66845,49620
"43",58465,49983
"44",60640,50000
"45",54735,47397
"46",60750,49477
"47",53885,49510
"48",43700,43238
"49",51965,41543
"50",64080,48615
"51",49890,44679
"52",65975,49644
"53",60475,49983
"54",55640,46797
"55",63320,49492
"56",60820,48841
"57",68035,49989
"58",54905,45982
"59",60035,46351
"60",52760,48461
"61",56755,46993
"62",64990,47503
"63",50720,46508
"64",58785,49998
"65",55810,45098
"66",43490,39362
"67",62180,49935
"68",61440,47395
"69",53355,48043
"70",42505,37581
"71",57205,49044
"72",59060,49586
"73",62745,49935
"74",61885,49988
"75",58755,48686
"76",59350,48049
"77",52975,46652
"78",59315,49873
"79",70035,48397
"80",53845,47899
"81",56015,49696
"82",63080,48845
"83",61310,49225
"84",64795,49983
"85",56035,44275
"86",58235,49720
"87",51960,43484
"88",70410,49978
"89",56500,48230
"90",58150,49915
"91",59730,48705
"92",64315,49994
"93",63875,49153
"94",58990,49047
"95",60865,43257
"96",58695,49994
"97",69975,49989
"98",55385,47225
"99",52270,46113
"100",52655,49681
"101",46110,40955
"102",50030,48868
"103",61745,49911
"104",63985,48625
"105",56110,46180
"106",59455,49983
"107",49005,46878
"108",51790,48739
"109",58085,44132
"110",53765,39877
"111",65425,49965
"112",66765,49386
"113",51640,45567
"114",64345,49644
"115",68885,49561
"116",68210,48025
"117",62125,49994
"118",54860,49983
"119",59495,45924
"120",49600,44896
"121",60805,49983
"122",60940,48085
"123",58295,49127
"124",60885,49451
"125",61080,48449
"126",46130,37767
"127",43050,38194
"128",64565,49734
"129",63755,49690
"130",61300,50000
"131",66330,50000
"132",63015,49379
"133",70435,49772
"134",64660,49890
"135",58015,49205
"136",54975,48182
"137",55050,47875
"138",55580,47335
"139",63870,49983
"140",65875,49988
"141",68140,47835
"142",64145,49983
"143",62095,49769
"144",57760,45513
"145",49815,46184
"146",61065,48752
"147",67235,49994
"148",54420,49733
"149",62045,48840
"150",60415,49446
"151",56800,46135
"152",56310,49141
"153",58895,49326
"154",58720,49990
"155",61135,49290
"156",57905,48663
"157",51285,46770
"158",56320,49358
"159",63240,48192
"160",66590,49415
"161",67395,48842
"162",64080,49223
"163",64605,49994
"164",63205,50000
"165",56455,49983
"166",54965,48824
"167",58215,47689
"168",70440,49508
"169",52190,46434
"170",57630,49747
"171",67855,50000
"172",57570,48387
"173",59020,47251
"174",62450,49983
"175",56430,47246
"176",66980,49988
"177",50155,46779
"178",62730,48788
"179",58210,49586
"180",51050,49548
"181",64795,49983
"182",58870,48339
"183",62835,48573
"184",58860,48104
"185",56200,49983
"186",49750,46362
"187",61145,49438
"188",52845,48728
"189",40740,36870
"190",44435,43421
"191",63145,49581
"192",63810,48203
"193",51345,48971
"194",60930,49983
"195",65570,46689
"196",62065,48514
"197",67625,49582
"198",58845,49610
"199",60655,49993
"200",62075,48362
"201",64360,47839
"202",55570,46945
"203",57275,47057
"204",72185,48503
"205",57180,48197
"206",52165,45754
"207",66185,47930
"208",65945,47261
"209",58220,48513
"210",58420,48911
"211",59270,50000
"212",63835,50000
"213",56870,49122
"214",62645,49994
"215",55255,49613
"216",61520,49994
"217",45420,41222
"218",64305,48307
"219",58120,48507
"220",57735,49998
"221",49385,42470
"222",60590,49104
"223",38595,35961
"224",54225,47403
"225",66515,48813
"226",53635,48802
"227",68765,48852
"228",65915,49983
"229",59790,48477
"230",67415,49994
"231",53750,49444
"232",60070,49060
"233",54410,47985
"234",57760,49249
"235",60730,49198
"236",51970,43728
"237",55765,47315
"238",61695,48420
"239",69890,49988
"240",56970,49993
"241",64745,48232
"242",66560,49983
"243",68245,50000
"244",45750,40755
"245",67755,49611
"246",60840,49159
"247",43575,40751
"248",68145,49704
"249",58315,49492
"250",65075,50000
"251",61885,49243
"252",47860,46555
"253",55325,48034
"254",60980,49940
"255",56585,49648
"256",53500,44981
"257",58355,49785
"258",66115,49869
"259",67425,49970
"260",56335,48141
"261",57360,46523
"262",52425,46699
"263",52665,49861
"264",56605,47805
"265",57290,47545
"266",63470,49856
"267",56715,49994
"268",53975,46784
"269",61810,49912
"270",66625,49781
"271",53130,49404
"272",63040,49618
"273",55130,47265
"274",60515,49380
"275",63085,49841
"276",65500,49814
"277",53700,47945
"278",46555,45379
"279",43495,39441
"280",64755,49956
"281",61310,49264
"282",57660,46286
"283",61050,49989
"284",64595,49965
"285",57450,49487
"286",56810,49988
"287",64635,49905
"288",55455,46946
"289",42080,41141
"290",36035,35963
"291",61965,49894
"292",59120,49994
"293",59590,49586
"294",61895,49970
"295",67235,49685
"296",61370,49722
"297",65290,46387
"298",59005,48493
"299",56785,46787
"300",48850,46404
"301",61860,49983
"302",52785,44587
"303",58125,48118
"304",60500,45831
"305",71460,49955
"306",63630,48566
"307",64790,49989
"308",44255,43658
"309",65845,49980
"310",53365,47780
"311",63365,48123
"312",36695,24701
"313",53270,46531
"314",55570,45175
"315",64820,50000
"316",53665,46159
"317",54685,47532
"318",64405,49779
"319",63090,50000
"320",55590,44626
"321",62910,49778
"322",49995,47614
"323",61510,47885
"324",51485,45529
"325",52485,48897
"326",63185,49102
"327",52300,46092
"328",50995,48002
"329",57845,44715
"330",59330,46499
"331",58155,47601
"332",50115,44506
"333",62465,49079
"334",57715,49452
"335",56700,46817
"336",43805,34332
"337",64500,45071
"338",63350,46858
"339",49260,47430
"340",58395,48268
"341",65525,49989
"342",60085,49965
"343",55420,46656
"344",64705,48124
"345",57445,47770
"346",66480,47842
"347",66845,49210
"348",49715,49285
"349",53000,46937
"350",63890,47416
"351",62570,49879
"352",54875,48178
"353",63480,49788
"354",54285,41921
"355",60585,49968
"356",52035,45637
"357",45030,42887
"358",68640,49615
"359",52210,49998
"360",59030,48905
"361",59260,48197
"362",69040,49988
"363",65695,49580
"364",65355,47274
"365",57400,49644
"366",55805,48257
"367",65180,49164
"368",55390,46798
"369",62990,49998
"370",56595,48297
"371",66230,47125
"372",53220,49140
"373",54320,49343
"374",57485,49993
"375",52900,47024
"376",59175,46976
"377",54415,49199
"378",69915,49988
"379",63235,49998
"380",64400,47440
"381",49960,47744
"382",53935,47464
"383",67145,48979
"384",66040,49983
"385",66150,49579
"386",62045,48971
"387",55610,47834
"388",62120,49745
"389",69520,49905
"390",56685,48292
"391",56215,49184
"392",58070,48926
"393",59040,49993
"394",67340,49989
"395",59305,47337
"396",61700,48898
"397",69140,49774
"398",54515,49994
"399",67130,46737
"400",78415,49962
"401",58130,49755
"402",58905,49988
"403",61655,49949
"404",63235,49227
"405",64035,49557
"406",56770,50000
"407",51870,48724
"408",65625,50000
"409",54455,49487
"410",64450,49662
"411",54985,47753
"412",54240,44747
"413",66010,49860
"414",52555,45440
"415",53740,46091
"416",67605,49052
"417",62105,49526
"418",54940,47753
"419",53140,47106
"420",57080,49804
"421",55965,49486
"422",64065,49781
"423",60425,45501
"424",57355,47643
"425",58405,48266
"426",64635,49827
"427",62560,49998
"428",67605,50000
"429",59755,49988
"430",47045,40882
"431",67210,48629
"432",63080,48136
"433",52720,48326
"434",55160,40271
"435",51470,49017
"436",70980,49740
"437",61160,48024
"438",53015,48169
"439",59165,49968
"440",39785,34352
"441",64895,48892
"442",63005,49154
"443",68805,49551
"444",56240,49989
"445",57215,49622
"446",57190,49033
"447",56340,49560
"448",61535,49983
"449",56685,48729
"450",65220,49942
"451",59305,43731
"452",54900,48364
"453",60655,48992
"454",58115,48941
"455",62985,49417
"456",64300,49989
"457",64970,49744
"458",66550,50000
"459",61500,46254
"460",56030,48918
"461",54990,46096
"462",59730,49994
"463",60260,49286
"464",59745,48494
"465",58725,49630
"466",54275,48398
"467",55395,47161
"468",56400,44824
"469",42315,41150
"470",65780,49905
"471",67030,49998
"472",62655,48396
"473",64760,49020
"474",66525,49352
"475",63030,49563
"476",70270,50000
"477",73620,50000
"478",55465,49117
"479",42525,39263
"480",58580,48232
"481",59615,47653
"482",62430,47190
"483",59690,49920
"484",56595,49185
"485",55320,47847
"486",54155,49226
"487",56345,47517
"488",57045,49994
"489",56380,48765
"490",61790,49420
"491",48475,37795
"492",70285,49950
"493",65430,47961
"494",68090,49095
"495",54050,45671
"496",54170,49250
"497",59065,49980
"498",62080,49332
"499",75485,49066
"500",63690,48180
"501",58505,49472
"502",53185,45716
"503",55010,47584
"504",58915,48551
"505",65875,49967
"506",62380,47964
"507",63070,49989
"508",63845,49925
"509",55070,46762
"510",65730,50000
"511",56965,49546
"512",49165,38397
"513",64085,49995
"514",52480,49905
"515",63885,49535
"516",64825,49382
"517",56235,49835
"518",68705,49910
"519",63960,49983
"520",59555,48728
"521",64630,50000
"522",58135,46683
"523",55620,45368
"524",56185,48930
"525",40900,37941
"526",74915,49989
"527",60470,49916
"528",55660,47759
"529",60360,49959
"530",52045,49752
"531",51275,48085
"532",63255,49965
"533",53700,48491
"534",63010,48885
"535",71540,49684
"536",59895,46357
"537",37375,34164
"538",48485,42471
"539",62315,50000
"540",59865,45325
"541",68605,49580
"542",57810,49209
"543",66170,49978
"544",60930,50000
"545",67180,49794
"546",49850,47545
"547",53530,48212
"548",57170,46163
"549",58030,49880
"550",59710,49994
"551",60435,49529
"552",63895,49978
"553",59755,49097
"554",51560,48865
"555",60520,49070
"556",61140,49870
"557",62520,49940
"558",58450,48981
"559",64650,49800
"560",57805,49254
"561",65195,48876
"562",57440,47973
"563",48235,45138
"564",56725,49858
"565",55450,47653
"566",62725,49762
"567",59195,45133
"568",57080,49988
"569",48990,47804
"570",61825,49978
"571",59135,49507
"572",61595,47233
"573",62910,48954
"574",55765,47194
"575",62075,49072
"576",58475,49993
"577",62995,49350
"578",60280,49498
"579",63820,49218
"580",64120,49962
"581",66480,49980
"582",55160,47695
"583",71015,49396
"584",49960,44404
"585",58960,49766
"586",47840,47840
"587",65440,49144
"588",62580,49688
"589",53540,47692
"590",53765,47810
"591",64760,49998
"592",54670,46830
"593",55020,49142
"594",69495,49617
"595",53520,48065
"596",63245,49054
"597",60085,48946
"598",32000,27175
"599",66055,48610
"600",53050,48467
"601",60955,45830
"602",54020,47870
"603",63300,49826
"604",54765,49907
"605",52275,40215
"606",66255,48868
"607",60045,49820
"608",57710,48377
"609",65415,46888
"610",54325,47700
"611",59665,49671
"612",54290,43548
"613",57735,47525
"614",60220,48335
"615",59840,49998
"616",56960,49192
"617",59440,49988
"618",62945,49951
"619",67420,49977
"620",66615,49921
"621",49715,44450
"622",53950,49967
"623",55105,47750
"624",70890,49988
"625",62050,49875
"626",59750,46299
"627",56250,49908
"628",57640,49373
"629",50000,44297
"630",58505,49127
"631",62190,49580
"632",55640,49280
"633",67625,49988
"634",47725,42201
"635",62970,49983
"636",74540,49103
"637",60765,47856
"638",54180,47327
"639",63220,48992
"640",17330,17330
"641",62345,48523
"642",64180,49782
"643",66245,49982
"644",62395,49620
"645",47330,43949
"646",51120,47940
"647",61905,49639
"648",54820,48294
"649",69465,49904
"650",60075,50000
"651",59195,49823
"652",55825,49042
"653",64615,47228
"654",53385,47759
"655",56715,49609
"656",64785,48560
"657",61815,49504
"658",65715,49387
"659",55950,48293
"660",64845,49162
"661",63700,47417
"662",59235,50000
"663",70740,50000
"664",67065,47963
"665",62775,49919
"666",59360,49568
"667",56500,48550
"668",61205,46324
"669",54460,49850
"670",59745,49940
"671",68715,49980
"672",61990,45871
"673",56600,49998
"674",59880,49368
"675",67125,49504
"676",59890,47603
"677",68750,49372
"678",57830,48699
"679",55860,49720
"680",43760,32861
"681",66215,49988
"682",59085,50000
"683",58685,47875
"684",56490,49983
"685",70335,49362
"686",53275,44088
"687",63090,49511
"688",69240,49820
"689",63075,49867
"690",56285,45319
"691",56835,43688
"692",61865,49673
"693",49240,43607
"694",68170,49989
"695",56445,49998
"696",43390,39861
"697",56490,47739
"698",53745,48839
"699",59455,47395
"700",71445,49355
"701",60360,48742
"702",59020,45716
"703",56770,49795
"704",53630,44459
"705",57500,48208
"706",61660,49559
"707",66555,49988
"708",62125,47119
"709",62445,49672
"710",66935,49827
"711",67455,49981
"712",61870,48310
"713",55045,48956
"714",64560,48995
"715",65355,49989
"716",58925,47098
"717",66595,49288
"718",59935,46213
"719",63055,49962
"720",56235,46456
"721",68905,48759
"722",62305,49907
"723",59340,46115
"724",67610,49983
"725",49735,45125
"726",57915,49916
"727",70520,50000
"728",68480,50000
"729",54795,49966
"730",62635,49839
"731",67105,49753
"732",45710,45242
"733",61750,49603
"734",60970,49989
"735",66785,49849
"736",65520,50000
"737",68020,49994
"738",62710,47625
"739",58295,48353
"740",67340,50000
"741",58490,49576
"742",45820,44500
"743",59600,47433
"744",54090,48814
"745",69095,49820
"746",68255,49945
"747",58850,49983
"748",59850,49567
"749",62835,49657
"750",64045,48146
"751",53920,49802
"752",60795,49460
"753",67825,49504
"754",61290,47683
"755",62995,49990
"756",56145,47559
"757",59195,49994
"758",56515,47558
"759",49615,47402
"760",60770,49249
"761",57000,49100
"762",62970,49989
"763",59720,49181
"764",66465,49635
"765",55055,48606
"766",50435,45168
"767",62530,49217
"768",56025,47175
"769",59775,49644
"770",59450,48471
"771",56590,49307
"772",59085,49900
"773",64880,49845
"774",61010,49852
"775",58735,46927
"776",66435,49983
"777",60930,49994
"778",65105,49983
"779",66370,48790
"780",56765,49983
"781",64470,49932
"782",66380,49975
"783",70715,49994
"784",58800,49250
"785",54155,49442
"786",48755,43509
"787",38490,32690
"788",50440,46256
"789",59625,48931
"790",61050,49989
"791",58860,47350
"792",68240,49998
"793",60065,45690
"794",50530,46635
"795",61775,49989
"796",55820,48184
"797",58555,50000
"798",66070,49296
"799",59035,49544
"800",52895,48079
"801",67920,49471
"802",57815,48213
"803",55090,49434
"804",52690,46262
"805",63235,49439
"806",57365,49884
"807",63445,47071
"808",62290,50000
"809",63445,49993
"810",61890,49920
"811",67635,49955
"812",51830,49984
"813",63045,48467
"814",56875,48569
"815",66150,49454
"816",46830,34046
"817",64495,50000
"818",63310,50000
"819",58580,49978
"820",65960,49602
"821",53540,49107
"822",58270,49086
"823",55660,46026
"824",62820,47124
"825",61895,49644
"826",61605,48209
"827",52690,48867
"828",68035,50000
"829",59905,50000
"830",52620,46580
"831",41855,40190
"832",62720,50000
"833",58445,49895
"834",58995,47611
"835",42670,41221
"836",66475,49525
"837",60705,49994
"838",54390,48736
"839",65690,49455
"840",55210,44743
"841",55915,43200
"842",64805,48865
"843",63675,48167
"844",69040,49998
"845",59545,49480
"846",62050,49700
"847",67375,49989
"848",55335,44628
"849",60125,45482
"850",61390,49307
"851",65225,47972
"852",55465,48838
"853",53085,48113
"854",68470,49514
"855",58845,48829
"856",52925,46772
"857",59365,49310
"858",63200,49975
"859",60140,50000
"860",68880,47050
"861",64670,49359
"862",61630,47169
"863",57465,45614
"864",54930,48847
"865",58315,49955
"866",60685,49209
"867",60960,47560
"868",60605,49988
"869",69970,49524
"870",53435,45095
"871",58245,48061
"872",60345,49203
"873",56865,49988
"874",52910,46535
"875",45535,44834
"876",68355,49326
"877",62875,49983
"878",49465,46329
"879",50135,45175
"880",71095,49685
"881",59040,49556
"882",53565,48439
"883",69240,50000
"884",62425,48132
"885",61425,49769
"886",62850,49988
"887",68185,49900
"888",41905,34794
"889",56865,49994
"890",51645,47784
"891",67100,49994
"892",68855,49344
"893",53660,48891
"894",71290,50000
"895",53245,46009
"896",58505,45811
"897",32235,31753
"898",57900,43988
"899",60635,49990
"900",59385,49660
"901",59675,49998
"902",43340,34127
"903",38760,38039
"904",58190,49993
"905",63600,49157
"906",70280,48545
"907",58170,49503
"908",52185,41293
"909",55250,49881
"910",61590,49983
"911",49900,46814
"912",45855,37500
"913",66725,49697
"914",58110,47889
"915",57485,49998
"916",58775,47696
"917",55840,49812
"918",67035,48513
"919",60015,49988
"920",52450,44186
"921",64115,49950
"922",63060,48281
"923",57600,45094
"924",52600,44994
"925",62980,48952
"926",57915,47001
"927",60875,48514
"928",47180,46533
"929",54980,41739
"930",59290,48595
"931",47885,36148
"932",58745,49766
"933",59885,46224
"934",56380,49989
"935",53815,48797
"936",66305,50000
"937",46095,40896
"938",61730,47476
"939",59250,47533
"940",68200,49834
"941",70290,50000
"942",54755,49435
"943",58025,49426
"944",52010,42381
"945",56390,49125
"946",59620,48425
"947",61220,46637
"948",60960,49327
"949",54310,47784
"950",58010,49558
"951",70745,49563
"952",59610,49162
"953",60175,49132
"954",55195,50000
"955",58645,49945
"956",55425,48858
"957",69240,48782
"958",57915,46925
"959",60265,49988
"960",62705,49994
"961",61930,50000
"962",53955,49441
"963",54680,48336
"964",65745,49716
"965",53745,47093
"966",59075,49872
"967",55205,48721
"968",54240,49104
"969",67840,48164
"970",53900,49032
"971",80080,49988
"972",54640,46378
"973",58095,48219
"974",67035,49504
"975",58780,49631
"976",67045,49794
"977",59595,49328
"978",58140,45227
"979",57535,47157
"980",55870,47469
"981",54505,44068
"982",66830,49998
"983",60090,47172
"984",71575,49914
"985",48070,44991
"986",63165,49776
"987",67560,50000
"988",51310,48391
"989",62940,49983
"990",54870,47452
"991",62885,49650
"992",54585,49392
"993",52915,49001
"994",67035,45870
"995",51020,47100
"996",62985,49817
"997",47150,43502
"998",51765,49670
"999",64325,49897
"1000",58695,47041
